Date,BTC,ETH,GOLD,OIL,SPY,TSY
12/9/2021,49234.88,4289.044,1775.76,71.61,,
12/8/2021,50634.6,4418.847,1782.99,72.36,,
12/7/2021,50527.71,4291.778,1784.13,72.05,,
12/6/2021,50119.66,4324.332,1778.67,69.49,,
12/3/2021,53655.26,4218.324,1783.29,66.26,,
12/2/2021,56903.44,4547.078,1768.74,66.5,,
12/1/2021,57029.07,4568.775,1781.73,65.57,,
11/30/2021,57138.56,4630.624,1774.52,66.18,,
11/29/2021,58316.88,4453.147,1784.6,69.95,,
11/26/2021,54019.73,4071.913,1802.59,68.15,,
11/25/2021,58855.14,4501.431,1788.85,#N/A,,
11/24/2021,57332.45,4259.359,1788.61,78.39,,
11/23/2021,57709.08,4351.951,1789.16,78.5,,
11/22/2021,56278,4080.565,1804.65,76.75,,
11/19/2021,57869.62,4280.124,1845.73,75.94,,
11/18/2021,57594.68,4023.68,1858.94,78.41,,
11/17/2021,60117.19,4256.639,1867.48,77.55,,
11/16/2021,60488.49,4256.639,1850.63,79.74,,
11/15/2021,63899.87,4571.04,1862.84,79.75,,
11/12/2021,64100.67,4656.154,1864.9,79.69,,
11/11/2021,65069.88,4745.715,1862.11,80.42,,
11/10/2021,64291.98,4554.199,1849.6,80.06,,
11/9/2021,67733.22,4799.471,1831.92,82.56,,
11/8/2021,66138.53,4772.779,1824.18,80.74,,
11/5/2021,60976.19,4454.162,1818.36,80.13,,
11/4/2021,61365.04,4514.983,1792.04,77.7,,
11/3/2021,62776.05,4617.768,1769.84,79.57,,
11/2/2021,63141.96,4504.787,1787.76,82.44,,
11/1/2021,60727.51,4311.813,1793.28,82.45,,
10/29/2021,62395.65,4402.918,1783.38,81.78,,
10/28/2021,61395.57,4254.535,1798.91,81.46,,
10/27/2021,58924.75,3983.3,1796.81,81.48,,
10/26/2021,62096.89,4263.256,1792.91,83.36,,
10/25/2021,62545.21,4179.853,1807.73,82.61,,
10/22/2021,60726,3976.75,1792.65,82.5,,
10/21/2021,62680.41,4090.43,1782.9,81.36,,
10/20/2021,65995.41,4108.351,1782.08,82.38,,
10/19/2021,64121.3,3806.478,1769.29,81.5,,
10/18/2021,61367.75,3733.935,1764.86,80.74,,
10/15/2021,62526.66,3880.897,1767.62,80.88,,
10/14/2021,57443.03,3758.73,1795.87,80.05,,
10/13/2021,56982.86,3573.91,1792.97,79.12,,
10/12/2021,55362.58,3478.5,1760.18,79.19,,
10/11/2021,57341.49,3491.85,1754.15,79.25,,
10/8/2021,53993.3,3555.54,1757.13,78.03,,
10/7/2021,54184.24,3624.535,1755.78,77.45,,
10/6/2021,54936.9,3561.605,1762.74,76.59,,
10/5/2021,51474.18,3526.005,1760.18,78.09,,
10/4/2021,49004.36,3384.04,1769.57,76.88,,
10/1/2021,48132.89,3292.395,1760.98,75.12,,
9/30/2021,43436.34,2972.48,1756.95,74.19,,
9/29/2021,41125.05,2821.323,1726.37,73.99,,
9/28/2021,41785.9,2863.415,1734.01,74.33,,
9/27/2021,42706.98,2955.55,1750.16,74.53,,
9/24/2021,42981.54,2946.04,1750.42,73.07,,
9/23/2021,44710.28,3142.03,1742.76,72.42,,
9/22/2021,43451.15,3027.605,1768.16,71.4,,
9/21/2021,40927.18,2765.44,1774.51,69.67,,
9/20/2021,43537.87,3018.587,1764.16,69.21,,
9/17/2021,46990.34,3377.155,1754.34,70.81,,
9/16/2021,47149.38,3497.63,1753.77,71.33,,
9/15/2021,47941.58,3553.875,1794.06,71.26,,
9/14/2021,46828.17,3377.22,1804.51,69.38,,
9/13/2021,45187.51,3290.055,1793.75,69.37,,
9/10/2021,45077.8,3251.348,1787.58,68.72,,
9/9/2021,46256.09,3430.423,1794.58,67.24,,
9/8/2021,46060.71,3472.958,1789.26,68.31,,
9/7/2021,46819,3415.857,1794.36,67.53,,
9/6/2021,51934.73,3952.725,1823.29,#N/A,,
9/3/2021,50152.09,3916.415,1827.73,68.46,,
9/2/2021,49562.09,3808.56,1809.66,69.05,,
9/1/2021,48272.5,3730.04,1813.9,67.67,,
8/31/2021,47008.52,3391.777,1813.62,67.6,,
8/30/2021,48648.9,3339.962,1810.34,68.16,,
8/27/2021,48921.81,3262.89,1817.57,67.7,,
8/26/2021,47036.42,3119.26,1792.43,66.28,,
8/25/2021,48712.63,3209.48,1791,67.23,,
8/24/2021,48345.65,3218.013,1802.9,66.44,,
8/23/2021,49515.08,3340.61,1805.43,64.57,,
8/20/2021,48668.02,3259.96,1781.11,61.14,,
8/19/2021,46587.98,3158.083,1780.38,62.42,,
8/18/2021,44546.66,3008.575,1787.82,64.15,,
8/17/2021,44992.09,3072.092,1786.19,65.21,,
8/16/2021,46078.11,3164.07,1787.45,65.89,,
8/13/2021,47609.87,3281.595,1779.74,66.98,,
8/12/2021,44480.11,3067.6,1752.9,67.66,,
8/11/2021,46345.49,3236.343,1751.7,67.71,,
8/10/2021,45642.64,3157.545,1728.93,66.8,,
8/9/2021,45464.5,3070.752,1729.94,65.23,,
8/6/2021,42719.5,2914.17,1763.03,66.95,,
8/5/2021,40899.36,2805.302,1804.41,67.34,,
8/4/2021,39754.38,2710.993,1811.74,66.33,,
8/3/2021,38072.94,2485.165,1810.44,68.17,,
8/2/2021,38856.13,2597.93,1813.47,68.46,,
7/30/2021,40689.27,2420.107,1814.19,70.8,,
7/29/2021,39722.07,2313.663,1828.17,70.62,,
7/28/2021,39985.95,2296.06,1807.11,69.41,,
7/27/2021,38044.6,2244.223,1799.09,68.85,,
7/26/2021,37750.77,2263.958,1797.63,68.98,,
7/23/2021,32500.7,2041.188,1802.15,68.88,,
7/22/2021,32247.75,2016.675,1806.92,68.63,,
7/21/2021,31818.62,1947.347,1803.66,67.38,,
7/20/2021,29865.53,1794.94,1810.36,64.78,,
7/19/2021,30776.39,1820.09,1812.64,64.04,,
7/16/2021,31842.51,1902.53,1812.05,68.81,,
7/15/2021,31758.37,1926.03,1829.47,68.52,,
7/14/2021,32813.68,1989.333,1827.53,69.52,,
7/13/2021,32508.34,1947.868,1807.76,71.13,,
7/12/2021,32849.59,2027.093,1806.28,69.83,,
7/9/2021,33522.57,2135.415,1808.32,70.01,,
7/8/2021,32815.73,2138.56,1802.83,68.61,,
7/7/2021,34544.85,2362.81,1803.63,67.89,,
7/6/2021,33957.11,2310.19,1797.08,68.82,,
7/5/2021,33855.35,2217.025,1791.77,#N/A,,
7/2/2021,33142.64,2091.04,1787.3,70.71,,
7/1/2021,33422,2121.225,1776.84,70.48,,
6/30/2021,34585,2237.882,1770.11,69.43,,
6/29/2021,36168.2,2192.16,1761.24,69.24,,
6/28/2021,34677.76,2132.768,1778.48,69.11,,
6/25/2021,32215.31,1866.998,1781.44,70.02,,
6/24/2021,34859.9,2004.98,1775.17,69.53,,
6/23/2021,33059.17,1931.145,1778.68,69.13,,
6/22/2021,32903.51,1931.322,1778.74,68.72,,
6/21/2021,32582.59,1941.443,1783.27,68.55,,
6/18/2021,35517.3,2195.035,1764.16,67.4,,
6/17/2021,37747.52,2343.82,1773.5,67.06,,
6/16/2021,38532.49,2400.018,1811.47,68.36,,
6/15/2021,39948.77,2522.145,1859.02,68.22,,
6/14/2021,39831.57,2541.715,1866.18,67.41,,
6/11/2021,37152.14,2382.328,1877.53,67.24,,
6/10/2021,36494.56,2470.027,1898.51,67.02,,
6/9/2021,36408.39,2561.613,1888.57,66.86,,
6/8/2021,33629.96,2538.198,1892.89,66.88,,
6/7/2021,34457.74,2658.105,1899.21,66.19,,
6/4/2021,37056.8,2702.567,1891.59,66.32,,
6/3/2021,38705.27,2822.35,1870.76,65.69,,
6/2/2021,37745.13,2722.905,1908.38,65.71,,
6/1/2021,36323.48,2577.815,1900.44,64.74,,
5/31/2021,36690.89,2599.585,1906.87,#N/A,,
5/28/2021,35218.35,2427.32,1903.77,63.37,,
5/27/2021,38495.28,2723.675,1896.54,63.9,,
5/26/2021,38774.42,2798.403,1896.67,63.43,,
5/25/2021,37646.5,2555.25,1899.25,63.22,,
5/24/2021,39024.16,2624.545,1881.02,63.23,,
5/21/2021,35251.35,2244.23,1881.25,61.2,,
5/20/2021,40077.7,2764.99,1877.21,59.9,,
5/19/2021,38337.14,2530.35,1869.62,61.07,,
5/18/2021,43294.35,3432.905,1869.44,63.03,,
5/17/2021,44816.07,3441.5,1866.9,63.64,,
5/14/2021,49193.55,3991.986,1843.43,62.95,,
5/13/2021,49312.8,3716.745,1826.72,61.82,,
5/12/2021,54487.87,4101.543,1815.69,64.01,,
5/11/2021,56911.31,4139.996,1837.47,63.23,,
5/10/2021,55308.8,3901.565,1836.07,62.78,,
5/7/2021,57684.38,3500.777,1831.24,62.61,,
5/6/2021,55956.96,3466.917,1815.22,62.25,,
5/5/2021,56895.43,3462.87,1786.87,62.8,,
5/4/2021,54770.38,3406.895,1779.06,62.74,,
5/3/2021,56811.65,3287.04,1792.88,61.5,,
4/30/2021,56814.44,2763.262,1769.13,60.53,,
4/29/2021,52990.9,2709.095,1772.18,61.84,,
4/28/2021,54438.67,2707.505,1781.68,60.96,,
4/27/2021,55192.61,2646.827,1776.6,60.24,,
4/26/2021,53262.86,2459.79,1781.38,59.44,,
4/23/2021,50567.71,2323.263,1777.2,59.65,,
4/22/2021,51591.98,2399.735,1783.94,59.03,,
4/21/2021,54996.3,2403.683,1793.79,58.81,,
4/20/2021,56800.49,2307.405,1778.75,59.76,,
4/19/2021,56210.88,2208.47,1771.43,60.41,,
4/16/2021,62005.41,2458.489,1776.51,60.35,,
4/15/2021,63410.28,2501.02,1763.95,60.65,,
4/14/2021,62384.18,2369.713,1736.43,60.67,,
4/13/2021,63193.55,2300.995,1745.51,58.33,,
4/12/2021,59979.81,2145.176,1732.76,57.75,,
4/9/2021,58333.59,2070.7,1743.88,57.24,,
4/8/2021,57679.15,2055.075,1755.84,57.31,,
4/7/2021,56227.63,1987.435,1737.72,57.78,,
4/6/2021,58243.86,2121.67,1743.27,57.51,,
4/5/2021,58799.13,2104.53,1728.27,56.75,,
4/2/2021,58674.25,2091.152,1728.87,58.89,,
4/1/2021,58859.77,1969.566,1729.31,58.89,,
3/31/2021,58960.19,1939.743,1707.71,56.42,,
3/30/2021,58673.66,1841.125,1685.2,57.38,,
3/29/2021,57232.93,1807.083,1712.2,58.19,,
3/26/2021,54002.49,1664.932,1732.52,57.98,,
3/25/2021,52001,1603.625,1726.93,55.97,,
3/24/2021,54050.56,1612.585,1734.69,58.15,,
3/23/2021,54447.54,1672.08,1727.07,55.59,,
3/22/2021,54555.49,1677.792,1739.03,58.24,,
3/19/2021,58410,1817.797,1745.23,57.99,,
3/18/2021,57501.5,1773.688,1736.42,56.97,,
3/17/2021,57751.65,1815.289,1745.33,60.5,,
3/16/2021,56388.14,1797.163,1731.4,60.52,,
3/15/2021,56412.34,1792.335,1731.67,60.76,,
3/12/2021,56965.95,1757.354,1727.11,60.86,,
3/11/2021,57624.01,1840.288,1722.6,61.04,,
3/10/2021,56931.77,1817.08,1726.71,59.81,,
3/9/2021,54320.05,1825.541,1716.1,59.6,,
3/8/2021,51878.93,1790.897,1683.54,60.06,,
3/5/2021,49053.13,1532.672,1700.64,60.63,,
3/4/2021,47918.88,1517.195,1697.52,58.69,,
3/3/2021,50952.73,1595.573,1711.23,56.97,,
3/2/2021,47451.09,1468.137,1738.36,55.65,,
3/1/2021,48856.4,1546.502,1725.04,56.07,,
2/26/2021,45672.05,1429.92,1734.04,56.74,,
2/25/2021,48083.5,1525.663,1770.56,58.56,,
2/24/2021,48758.52,1591.44,1805.06,58.5,,
2/23/2021,47966.2,1535.823,1805.73,56.95,,
2/22/2021,54938.63,1800.45,1809.67,56.73,,
2/19/2021,55628.98,1958.468,1784.25,54.99,,
2/18/2021,52037.52,1945.645,1775.67,55.63,,
2/17/2021,52400.41,1854.845,1776.13,55.93,,
2/16/2021,48585.06,1753.165,1794.47,55.52,,
2/15/2021,48203.45,1788.765,1818.86,#N/A,,
2/12/2021,47947.16,1851.314,1824.23,54.83,,
2/11/2021,46931.96,1769.105,1825.51,54.07,,
2/10/2021,45039.65,1728.627,1842.89,54.35,,
2/9/2021,47335.24,1769.29,1838.32,54.1,,
2/8/2021,44691.74,1700.01,1830.81,53.82,,
2/5/2021,37858.84,1720.615,1814.11,52.89,,
2/4/2021,37681.13,1641.785,1794.03,52.46,,
2/3/2021,37294.94,1632.953,1834.04,52.11,,
2/2/2021,35687.9,1519.983,1838.03,51.44,,
2/1/2021,33664.81,1350.233,1860.78,50.54,,
1/29/2021,34641.09,1372.677,1847.65,49.45,,
1/28/2021,33248.01,1349.731,1843.17,49.6,,
1/27/2021,31005.85,1276.748,1843.98,50.07,,
1/26/2021,32017.04,1335.133,1850.92,49.91,,
1/25/2021,32701.29,1347.155,1855.93,50.09,,
1/22/2021,33322.33,1244.934,1855.61,49.73,,
1/21/2021,31217,1171.655,1870.02,50.4,,
1/20/2021,34913.07,1323.71,1871.84,50.44,,
1/19/2021,36487.07,1410.69,1840.28,50.43,,
1/18/2021,36234.12,1234.19,1841.26,#N/A,,
1/15/2021,36261.52,1159.71,1828.45,50.27,,
1/14/2021,38765.5,1187.525,1846.53,51.05,,
1/13/2021,37283.48,1126.665,1845.51,50.78,,
1/12/2021,34712.73,1077.93,1854.77,50.62,,
1/11/2021,33964.37,1032.525,1843.89,49.84,,
1/8/2021,40040.7,1191.835,1849.01,49.67,,
1/7/2021,39733,1254.167,1913.95,48.75,,
1/6/2021,35939.26,1182.898,1918.61,48.55,,
1/5/2021,33792.24,1084.975,1950.01,48.45,,
1/4/2021,31037.38,1007.235,1942.9,47.02,,
1/1/2021,29250.89,729.91,1898.67,#N/A,,
12/31/2020,28996.28,739.045,1898.36,47.49,,
12/30/2020,28904.39,748.352,1894.39,47.5,,
12/29/2020,26894.99,724.443,1878.18,47.41,,
12/28/2020,26599.22,727.035,1873.69,47.11,,
12/25/2020,24411.43,618.761,#N/A,#N/A,,
12/24/2020,23405.27,605.255,1883.46,47.49,,
12/23/2020,23297.58,597.21,1872.89,47.4,,
12/22/2020,23437.95,623.005,1860.84,46.5,,
12/21/2020,23142.45,618.585,1876.89,47.2,,
12/18/2020,22901.2,651.025,1881.35,48.18,,
12/17/2020,22779.13,640.623,1885.42,47.76,,
12/16/2020,21206.15,629.455,1864.8,47.12,,
12/15/2020,19424.24,588.805,1853.64,46.87,,
12/14/2020,19199.17,586.223,1827.35,46.45,,
12/11/2020,18101.38,549.488,1839.85,46.03,,
12/10/2020,18349.73,563.769,1836.57,46.23,,
12/9/2020,18520.56,576.018,1839.55,45.46,,
12/8/2020,18773.5,565.998,1870.56,45.5,,
12/7/2020,19084.67,588.868,1862.73,45.44,,
12/4/2020,18825.45,580.925,1838.86,45.46,,
12/3/2020,19462.14,615.526,1841.08,44.83,,
12/2/2020,19156.67,598.156,1831.28,44.87,,
12/1/2020,19055.69,595.56,1815.24,44.5,,
11/30/2020,19378.61,605.46,1776.95,45.23,,
11/27/2020,17005.85,515.805,1787.79,45.52,,
11/26/2020,17055.5,513.89,1815.8,#N/A,,
11/25/2020,18880.88,578.76,1807.56,45.58,,
11/24/2020,18944.86,599.835,1807.59,44.94,,
11/23/2020,18422.02,606.147,1837.86,43.81,,
11/20/2020,18589.49,509.133,1870.99,43.51,,
11/19/2020,17946.04,472.973,1866.54,43.23,,
11/18/2020,17786.57,474.408,1872.24,43.48,,
11/17/2020,17639.21,480.875,1880.38,43.16,,
11/16/2020,16704.72,458.882,1888.95,43.12,,
11/13/2020,16294.47,472.223,1889.2,42.43,,
11/12/2020,16159.74,462.985,1876.83,43.21,,
11/11/2020,15831.57,467.143,1865.73,43.54,,
11/10/2020,15389.01,452.018,1877.32,43.3,,
11/9/2020,15387.47,447.785,1863.04,42.85,,
11/6/2020,15553.33,446.473,1951.35,40.66,,
11/5/2020,15243.85,413.918,1949.66,41.82,,
11/4/2020,14008.75,401.298,1902.92,42.15,,
11/3/2020,13741.48,383.444,1909.17,41.05,,
11/2/2020,13619.76,385.675,1895.48,40.7,,
10/30/2020,13639.39,384.338,1878.81,39.38,,
10/29/2020,13486.71,389.122,1867.59,39.28,,
10/28/2020,13213.48,385.797,1877.19,40.22,,
10/27/2020,13620.54,403.535,1907.99,41.77,,
10/26/2020,13019.83,392.945,1902.08,41.03,,
10/23/2020,12942.9,409.389,1902.05,42,,
10/22/2020,13124.02,417.893,1904.11,42.71,,
10/21/2020,12855.5,395.03,1924.33,42.19,,
10/20/2020,11904.78,368.413,1906.95,43.55,,
10/19/2020,11735.13,379.795,1904.08,43.03,,
10/16/2020,11319.41,366.808,1899.29,43.02,,
10/15/2020,11545.26,380.43,1908.71,43.14,,
10/14/2020,11393.36,377.043,1901.52,43.3,,
10/13/2020,11434.88,380.235,1891.36,42.8,,
10/12/2020,11568.4,387.67,1922.77,42.35,,
10/9/2020,11041.96,364.01,1930.4,43.11,,
10/8/2020,10898.05,351.912,1893.82,43.6,,
10/7/2020,10661.08,340.825,1887.42,42.81,,
10/6/2020,10549.5,337.405,1878.18,43.5,,
10/5/2020,10741.28,352.045,1913.53,42.56,,
10/2/2020,10547.65,346.74,1899.84,40.76,,
10/1/2020,10606.06,351.76,1906.01,42.17,,
9/30/2020,10706.95,356.745,1885.82,43.18,,
9/29/2020,10756.95,357.75,1898.07,42.29,,
9/28/2020,10871.25,362.925,1881.48,43.41,,
9/25/2020,10717.58,354.94,1861.58,43.12,,
9/24/2020,10631.74,345.76,1868.07,43.28,,
9/23/2020,10224.14,322.965,1863.34,42.92,,
9/22/2020,10516.06,344.875,1900.21,42.84,,
9/21/2020,10479.79,346.485,1912.51,42.63,,
9/18/2020,10890.68,380.34,1950.86,44.07,,
9/17/2020,10938.59,392.56,1944.44,44.2,,
9/16/2020,10998.05,365.825,1959.26,43.81,,
9/15/2020,10867.34,365.87,1954.15,42.88,,
9/14/2020,10694.29,376.528,1956.86,42.14,,
9/11/2020,10329.82,368.645,1940.55,42.1,,
9/10/2020,10307.29,365.995,1946.09,42.24,,
9/9/2020,10259.62,353.77,1946.84,42.62,,
9/8/2020,10016.81,335.76,1932.03,41.77,,
9/7/2020,10154.11,345.568,1933.64,#N/A,,
9/4/2020,10606.46,391.85,1933.94,44.04,,
9/3/2020,10785.86,406.477,1930.91,44.96,,
9/2/2020,11375.47,436.615,1942.92,44.85,,
9/1/2020,12022.35,482.545,1970.18,45.6,,
8/31/2020,11678.6,432.6,1967.8,45.25,,
8/28/2020,11502.58,394.4,1964.83,45.75,,
8/27/2020,11267.05,379.93,1929.54,45.43,,
8/26/2020,11513.5,389.752,1954.46,45.9,,
8/25/2020,11265.47,377.84,1928.18,45.94,,
8/24/2020,11731.2,401.773,1928.88,45.54,,
8/21/2020,11621.41,395.265,1940.48,45.05,,
8/20/2020,11863.08,416.485,1947.26,45.43,,
8/19/2020,11715.31,404.535,1928.98,45.58,,
8/18/2020,12030.11,427.607,2002.44,45.53,,
8/17/2020,12327.28,438.653,1985.3,45.54,,
8/14/2020,11770.13,439.075,1945.12,44.92,,
8/13/2020,11614.68,410.492,1953.71,45.02,,
8/12/2020,11565.95,386.395,1915.83,45.24,,
8/11/2020,11212.6,373.175,1911.89,44.5,,
8/10/2020,11859.27,395.222,2027.34,44.79,,
8/7/2020,11575.83,377.89,2035.55,44.41,,
8/6/2020,11851.58,396.7,2063.54,45.1,,
8/5/2020,11692.68,400.657,2038.12,45.02,,
8/4/2020,11214.45,388.145,2019.21,44.73,,
8/3/2020,11383.53,390.892,1976.98,44.45,,
7/31/2020,11345.65,345.61,1975.86,43.52,,
7/30/2020,11150.47,338.7,1956.64,43.17,,
7/29/2020,11222.15,322.585,1970.79,43.95,,
7/28/2020,10981.18,320.083,1958.43,43.73,,
7/27/2020,10891.81,324.405,1942.24,43.95,,
7/24/2020,9629.44,286.14,1902.02,43.57,,
7/23/2020,9593.78,273.34,1887.44,43.06,,
7/22/2020,9377.3,245.89,1871.41,43.48,,
7/21/2020,9376.53,245.48,1841.91,43.41,,
7/20/2020,9175.45,236.638,1817.77,43,,
7/17/2020,9157.69,232.675,1810.42,42.86,,
7/16/2020,9103.61,232.887,1797.16,42.83,,
7/15/2020,9213.7,238.165,1810.29,43.04,,
7/14/2020,9272.83,241.435,1809.36,42.65,,
7/13/2020,9249.8,239.165,1802.76,42.47,,
7/10/2020,9235.1,239.55,1798.7,42.87,,
7/9/2020,9237.04,241.48,1803.55,42.25,,
7/8/2020,9430.25,246.375,1808.89,42.8,,
7/7/2020,9254.79,238.707,1794.86,42.29,,
7/6/2020,9277.06,238.405,1784.68,42.18,,
7/3/2020,9092.7,226.867,1775.95,#N/A,,
7/2/2020,9082.38,226.33,1775.38,42.04,,
7/1/2020,9239.05,231.435,1770.09,41.4,,
6/30/2020,9147.09,225.688,1780.96,40.89,,
6/29/2020,9180.36,227.492,1772.82,41.56,,
6/26/2020,9190.26,230.12,1771.29,40.62,,
6/25/2020,9275.81,233.83,1763.79,40.85,,
6/24/2020,9288.58,234.85,1761.17,40.24,,
6/23/2020,9629.89,243.523,1768.41,41.65,,
6/22/2020,9645.06,244.932,1754.43,41.94,,
6/19/2020,9315.37,229.497,1743.87,41.27,,
6/18/2020,9343.09,229.048,1722.93,41.03,,
6/17/2020,9374.04,231.44,1726.95,40.72,,
6/16/2020,9494.7,233.857,1726.53,41.41,,
6/15/2020,9480.95,232.74,1725.16,40.74,,
6/12/2020,9463.3,237.665,1730.75,39.75,,
6/11/2020,9340.86,232.475,1727.7,39.77,,
6/10/2020,9867.6,247.83,1738.7,41.84,,
6/9/2020,9749.6,243.565,1715.33,41.58,,
6/8/2020,9702.87,242.288,1698.53,40.9,,
6/5/2020,9712.33,241.56,1685.06,42.04,,
6/4/2020,9783.87,241.707,1714.01,41.07,,
6/3/2020,9583.65,241.602,1699.67,40.77,,
6/2/2020,9522.85,236.535,1727.7,40.23,,
6/1/2020,9680.19,241.87,1739.55,39.77,,
5/29/2020,9415.96,220.115,1730.27,39.88,,
5/28/2020,9446.84,214.55,1718.33,38.88,,
5/27/2020,9163.42,206.392,1709.47,38.34,,
5/26/2020,8859.07,202.198,1710.58,39.03,,
5/25/2020,8914.38,204.845,1731.95,#N/A,,
5/22/2020,9181,208.2,1734.68,37.93,,
5/21/2020,9056.92,198.947,1727,38.21,,
5/20/2020,9588.55,210.467,1748.18,38.09,,
5/19/2020,9690.24,212.552,1745.05,37.41,,
5/18/2020,9677.73,212.835,1732.55,37.5,,
5/15/2020,9241.91,193.45,1743.67,35.76,,
5/14/2020,9655.76,202.685,1730.3,35.38,,
5/13/2020,9300.04,198.272,1716.28,34.69,,
5/12/2020,8824.98,189.712,1702.7,34.66,,
5/11/2020,8636.21,186.818,1697.93,34.95,,
5/8/2020,9998.9,214.65,1702.7,36.21,,
5/7/2020,9801.31,211.795,1716.06,34.61,,
5/6/2020,9250.9,205.617,1685.71,34.66,,
5/5/2020,8951.5,205.048,1705.92,35.56,,
5/4/2020,8921.68,207.375,1702.07,34.14,,
5/1/2020,8734.1,209.892,1700.42,34.09,,
4/30/2020,8826.54,211.75,1686.5,35.22,,
4/29/2020,8933.47,216.925,1713.41,33.84,,
4/28/2020,7736.85,196.638,1707.79,33.66,,
4/27/2020,7708.12,193.677,1713.99,33.5,,
4/24/2020,7533.88,188.168,1729.6,33.83,,
4/23/2020,7541.59,189.195,1730.51,33.99,,
4/22/2020,7119.34,183.03,1714.08,34.52,,
4/21/2020,6894.59,172.815,1686.2,32.89,,
4/20/2020,6868.11,171.917,1695.65,36.67,,
4/17/2020,7060.14,171.01,1682.82,37.22,,
4/16/2020,7060.07,172.518,1717.7,37.04,,
4/15/2020,6752.45,157.81,1717.03,37.06,,
4/14/2020,6873.41,159.21,1726.97,38.88,,
4/13/2020,6828.62,156.707,1715.34,38.29,,
4/10/2020,6920.1,159.228,1696.65,#N/A,,
4/9/2020,7306.08,170.515,1683.73,37.34,,
4/8/2020,7325.08,172.092,1646.14,37.43,,
4/7/2020,7118.22,163.55,1647.72,37.57,,
4/6/2020,7231.12,164.223,1660.97,37.21,,
4/3/2020,6703.55,140.775,1620.81,36.7,,
4/2/2020,6749.37,140.635,1613.99,36.86,,
4/1/2020,6351.21,132.193,1591.51,36.82,,
3/31/2020,6481.37,134.745,1577.18,38.1,,
3/30/2020,6477.55,134.13,1622.51,38.05,,
3/27/2020,6683.67,137.445,1628.16,37.71,,
3/26/2020,6744.69,136.735,1631.34,37.06,,
3/25/2020,6598.56,135.34,1616.9,37.67,,
3/24/2020,6752.28,139.783,1632.32,36.47,,
3/23/2020,6414.57,132.408,1553.23,35.76,,
3/20/2020,5971.92,125.393,1498.65,34.52,,
3/19/2020,6254.4,137.335,1471.24,36.04,,
3/18/2020,5338.27,116.51,1486.05,34.07,,
3/17/2020,5469.8,119.3,1528.3,37.88,,
3/16/2020,4904.48,109.623,1514.1,38.11,,
3/13/2020,5434.1,128.775,1529.83,40.75,,
3/12/2020,5725.35,128.965,1576.15,41.58,,
3/11/2020,7863.13,193.307,1635.04,42.45,,
3/10/2020,7999.1,203.26,1649.4,42.9,,
3/9/2020,7861.2,198.865,1680.47,41.07,,
3/6/2020,9138.35,241.188,1673.83,46.3,,
3/5/2020,9115.81,231.265,1672.23,47.9,,
3/4/2020,8732.24,223.477,1636.93,48.37,,
3/3/2020,8738.3,224.365,1640.9,48.43,,
3/2/2020,8945.93,233.425,1589.44,48.21,,
2/28/2020,8671.27,226.527,1585.69,47,,
2/27/2020,8757.31,226.525,1645.01,48.56,,
2/26/2020,8747.24,224.112,1640.96,49.03,,
2/25/2020,9384.4,250.625,1635.14,49.54,,
2/24/2020,9606.78,262.155,1659.38,51.07,,
2/21/2020,9674.01,263.088,1643.41,51.57,,
2/20/2020,9610.56,259.35,1619.56,51.9,,
2/19/2020,9612.06,262.448,1611.7,51.91,,
2/18/2020,10154.96,281.3,1601.61,51.52,,
2/17/2020,9646.95,260.282,1581.13,#N/A,,
2/14/2020,10344.55,282.605,1584.06,51.19,,
2/13/2020,10180.13,262.78,1576,50.98,,
2/12/2020,10389.08,270.133,1566.06,51.1,,
2/11/2020,10236.53,237.44,1567.89,50.87,,
2/10/2020,9866.28,222.607,1572.15,50.92,,
2/7/2020,9744.46,219.366,1570.44,50.95,,
2/6/2020,9737.36,213.443,1566.66,50.89,,
2/5/2020,9687.28,206.633,1556.02,50.16,,
2/4/2020,9139.77,187.785,1552.92,49.61,,
2/3/2020,9274.19,189.517,1576.73,49.67,,
1/31/2020,9354.31,180.62,1589.16,49.71,,
1/30/2020,9552.18,184.925,1574.28,49.8,,
1/29/2020,9354.71,175.717,1576.83,49.94,,
1/28/2020,9042.56,172.027,1567.17,49.95,,
1/27/2020,8945.5,171.168,1582.06,49.71,,
1/24/2020,8497.52,163.068,1571.53,49.79,,
1/23/2020,8382.87,162.22,1562.94,50.79,,
1/22/2020,8640.65,167.475,1558.78,51.86,,
1/21/2020,8721.88,168.93,1558.17,52.67,,
1/20/2020,8671.68,167.013,1560.77,#N/A,,
1/17/2020,8906.32,170.875,1557.24,52.42,,
1/16/2020,8678.79,163.165,1552.51,52.41,,
1/15/2020,8821.69,165.122,1556.25,52.16,,
1/14/2020,8736.15,163.793,1546.39,52.5,,
1/13/2020,8131.05,144.173,1547.88,52.34,,
1/10/2020,8043.69,142.847,1562.34,52.61,,
1/9/2020,7786.84,136.995,1552.32,52.74,,
1/8/2020,8004.26,139.12,1556.42,52.43,,
1/7/2020,8021.36,142.515,1574.37,53.82,,
1/6/2020,7575.93,141.7,1565.74,53.61,,
1/3/2020,7269.82,132.56,1552.2,53.47,,
1/2/2020,6960.58,127.911,1529.13,53.28,,
1/1/2020,7216.21,131.79,1517.29,#N/A,,
12/31/2019,7158.27,128.415,1517.27,52.85,,
12/30/2019,7243.35,131.675,1515.16,53.37,,
12/27/2019,7219.5,125.71,1510.56,53.47,,
12/26/2019,7189.08,126.382,1511.53,53.18,,
12/25/2019,7211.27,125.468,1499.84,#N/A,,
12/24/2019,7246.81,128.3,1499.41,53.14,,
12/23/2019,7319.77,127.288,1485.79,52.85,,
12/20/2019,7198.73,128.42,1478.22,52.71,,
12/19/2019,7157.05,126.91,1478.8,52.7,,
12/18/2019,7131.58,130.832,1475.4,52.73,,
12/17/2019,6616.45,122.258,1476.22,52.78,,
12/16/2019,6876.58,132.03,1476.18,52.89,,
12/13/2019,7240.62,144.653,1476.33,52.63,,
12/12/2019,7200.62,145.046,1469.8,52.48,,
12/11/2019,7191.95,143.03,1474.88,52.19,,
12/10/2019,7222.09,145.272,1464.39,52.58,,
12/9/2019,7356.78,147.581,1461.68,52.22,,
12/6/2019,7469.48,148.8,1460.17,52.18,,
12/5/2019,7379.65,148.335,1476,52.2,,
12/4/2019,7187.39,145.628,1474.59,52.37,,
12/3/2019,7329.85,148.24,1477.61,51.42,,
12/2/2019,7319.36,148.675,1462.44,51.36,,
11/29/2019,7710.34,152.982,1463.98,50.56,,
11/28/2019,7564.94,152.555,1456.27,#N/A,,
11/27/2019,7550.07,153.922,1454.44,52.46,,
11/26/2019,7113.51,148.307,1461.39,52.61,,
11/25/2019,7214.3,148.33,1455.26,52.35,,
11/22/2019,7343.85,153.41,1461.93,52.18,,
11/21/2019,7598.7,159.952,1464.41,52.55,,
11/20/2019,8087.79,175.275,1471.61,51.84,,
11/19/2019,8108.09,174.855,1472.46,50.87,,
11/18/2019,8218.67,178.803,1471.51,51.62,,
11/15/2019,8453.89,179.72,1468.21,52.11,,
11/14/2019,8651.15,184.96,1471.4,51.63,,
11/13/2019,8753.01,187.657,1463.58,52.11,,
11/12/2019,8764.95,186.253,1456.32,51.94,,
11/11/2019,8736.17,186.318,1455.86,51.83,,
11/8/2019,8866.55,185.598,1459,51.87,,
11/7/2019,9209.87,186.508,1468.48,51.57,,
11/6/2019,9314.92,190.605,1490.57,51.18,,
11/5/2019,9357.06,190.403,1483.61,52.11,,
11/4/2019,9443.36,186.45,1509.82,51.73,,
11/1/2019,9212.68,184.375,1514.34,51.94,,
10/31/2019,9189.42,181.46,1512.99,50.41,,
10/30/2019,9184.99,182.982,1495.66,50.61,,
10/29/2019,9446.04,191.535,1487.72,51.51,,
10/28/2019,9456.3,183.938,1492.51,51.49,,
10/25/2019,8574.4,180.97,1504.63,51.89,,
10/24/2019,7456.59,161.04,1503.98,51.55,,
10/23/2019,7491.38,160.578,1492.12,51.41,,
10/22/2019,8125.1,172.682,1487.68,50.74,,
10/21/2019,8207.67,173.887,1484.5,50.54,,
10/18/2019,7947.7,174.11,1490.05,50.4,,
10/17/2019,8046.49,176.555,1491.87,50.56,,
10/16/2019,7988.24,174.662,1490.13,50.53,,
10/15/2019,8144.32,178.56,1481.01,50.33,,
10/14/2019,8343.42,186.967,1493.21,51.05,,
10/11/2019,8342.92,181.934,1489.01,51.33,,
10/10/2019,8580.86,192.402,1493.99,50.31,,
10/9/2019,8590.16,192.592,1505.57,50.05,,
10/8/2019,8130.26,177.837,1505.51,50.16,,
10/7/2019,8218.02,179.431,1493.5,49.94,,
10/4/2019,8170.58,177.555,1504.66,49.96,,
10/3/2019,8161.33,172.78,1505.19,49.37,,
10/2/2019,8235.09,177.355,1499.45,49.69,,
10/1/2019,8380.24,177.758,1479.14,49.97,,
9/30/2019,8240.9,177.09,1472.49,49.94,,
9/27/2019,8060.97,171.166,1497.01,50.76,,
9/26/2019,8094.12,164.075,1504.78,51.06,,
9/25/2019,8511.8,170.807,1504.05,51.11,,
9/24/2019,8582,165.555,1531.87,51.39,,
9/23/2019,9765.49,205.143,1522.24,52.21,,
9/20/2019,10135.94,216.344,1516.9,51.33,,
9/19/2019,10258.85,219.8,1499.03,51.23,,
9/18/2019,10196.93,211.287,1494,51.25,,
9/17/2019,10250.3,213.04,1501.38,51.83,,
9/16/2019,10215.87,199.24,1498.43,52.42,,
9/13/2019,10270.67,180.97,1488.53,50.44,,
9/12/2019,10331.07,180.025,1499.26,50.91,,
9/11/2019,10099.08,177.01,1497.2,51.25,,
9/10/2019,10052.99,178.052,1485.78,51.88,,
9/9/2019,10237.89,179.42,1499.13,51.92,,
9/6/2019,10356.88,168.77,1506.82,51.6,,
9/5/2019,10518.1,172.005,1519.05,51.46,,
9/4/2019,10626.01,176.367,1552.55,51.41,,
9/3/2019,10712.47,181.387,1547.1,49.94,,
9/2/2019,10408.87,179.98,1529.29,#N/A,,
8/30/2019,9626.18,169.122,1520.38,50.06,,
8/29/2019,9526.03,169.763,1527.63,51.26,,
8/28/2019,9669.45,171.643,1539.01,51.24,,
8/27/2019,10143.08,186.637,1542.81,51.01,,
8/26/2019,10265.73,186.355,1527.31,50.21,,
8/23/2019,10361.52,192.765,1526.96,50.45,,
8/22/2019,10182.76,192.508,1498.06,50.96,,
8/21/2019,10155.19,185.842,1502.65,50.96,,
8/20/2019,10706.71,196.753,1507.2,50.82,,
8/19/2019,10678.85,198.49,1495.92,50.94,,
8/16/2019,10395.4,185.215,1513.52,50.61,,
8/15/2019,10372.72,187.109,1523.29,50.59,,
8/14/2019,10171.6,188.265,1516.36,51.35,,
8/13/2019,10882.13,207.425,1501.51,52.69,,
8/12/2019,11418.31,211.967,1511.16,50.92,,
8/9/2019,11864.63,209.265,1496.95,51.04,,
8/8/2019,11595.78,217.522,1500.95,50.09,,
8/7/2019,11863.77,224.01,1501.16,49.74,,
8/6/2019,11643.41,226.042,1474.42,50.95,,
8/5/2019,11723.69,231.93,1463.7,51.39,,
8/2/2019,10399.38,215.647,1440.83,51.91,,
8/1/2019,10411.97,217.64,1445.18,50.32,,
7/31/2019,10026.61,215.38,1413.78,52.97,,
7/30/2019,9541.65,209.24,1430.88,52.83,,
7/29/2019,9516.61,211.525,1426.8,52.49,,
7/26/2019,9834.23,218.33,1418.9,52.87,,
7/25/2019,9874.05,218.55,1414.58,52.5,,
7/24/2019,9671.71,215.255,1425.86,52.25,,
7/23/2019,10147.93,217.828,1417.83,52.8,,
7/22/2019,10322.33,217.887,1424.88,52.94,,
7/19/2019,10529.52,220.375,1425.37,52.55,,
7/18/2019,10616.88,224.803,1446.1,51.65,,
7/17/2019,9686.98,212.68,1426.57,52.64,,
7/16/2019,9595.05,203.115,1406.23,52.69,,
7/15/2019,10821.99,231.231,1414.13,54.01,,
7/12/2019,11907.36,276.826,1415.75,54.48,,
7/11/2019,11146.07,266.487,1403.81,54.81,,
7/10/2019,11778.8,287.315,1419.02,55.3,,
7/9/2019,12401.88,304.607,1397.61,54.13,,
7/8/2019,12207.1,310.635,1395.53,53.75,,
7/5/2019,11034,286.825,1399.45,53.41,,
7/4/2019,11721.74,292.823,1416.08,#N/A,,
7/3/2019,11378.23,293.873,1418.78,53.59,,
7/2/2019,10714.88,288.29,1418.65,52.44,,
7/1/2019,10481.86,288.741,1384.19,54,,
6/28/2019,12212.7,306.405,1409.55,53.74,,
6/27/2019,10686.14,288.665,1409.78,54.35,,
6/26/2019,12733.71,337.255,1409,54.49,,
6/25/2019,11366.24,308.665,1423.44,54.07,,
6/24/2019,10856.69,305.96,1419.72,53.68,,
6/21/2019,9939.81,293.917,1399.63,53.39,,
6/20/2019,9562.66,272.553,1388.44,53.43,,
6/19/2019,9167.27,268.022,1360.38,51.87,,
6/18/2019,9125.34,263.76,1346.61,52.19,,
6/17/2019,9273.05,272.603,1339.66,51.12,,
6/14/2019,8452.83,257.87,1341.7,51.4,,
6/13/2019,8261.05,258.902,1342.31,51.4,,
6/12/2019,8120.45,255.747,1333.58,50.81,,
6/11/2019,7926.36,244.24,1326.84,52.22,,
6/10/2019,7943.46,244.092,1327.98,51.77,,
6/7/2019,7898.63,247.77,1340.86,51.59,,
6/6/2019,7690.61,241.395,1335.33,50.71,,
6/5/2019,7732.88,244.063,1330.32,49.9,,
6/4/2019,7651.38,239.473,1325.52,51.23,,
6/3/2019,8556.11,260.64,1325.31,51.22,,
5/31/2019,8503.38,261.847,1305.58,51.03,,
5/30/2019,8463.48,263.36,1288.65,52.88,,
5/29/2019,8646.34,269.663,1279.78,54.29,,
5/28/2019,8687.79,272.29,1279.33,54.5,,
5/27/2019,8754.64,267.268,1285.36,#N/A,,
5/24/2019,8112.36,253.928,1284.93,53.8,,
5/23/2019,7878.46,244.86,1283.45,52.74,,
5/22/2019,7832.46,247.815,1273.34,54.74,,
5/21/2019,8086.18,262.988,1274.68,55.6,,
5/20/2019,8006.97,254.573,1277.82,55.41,,
5/17/2019,7106.31,233.318,1277.53,54.9,,
5/16/2019,7676.51,254.542,1286.72,55.2,,
5/15/2019,8171.07,239.642,1296.49,55.09,,
5/14/2019,7719.92,204.387,1296.92,54.8,,
5/13/2019,7864.38,#N/A,1299.91,54.25,,
5/10/2019,6291.33,171.605,1286.05,54.57,,
5/9/2019,6080.72,168.055,1284.08,54.66,,
5/8/2019,5900.67,168.427,1280.88,54.94,,
5/7/2019,5844.63,170.18,1284.43,54.37,,
5/6/2019,5693.95,173.15,1281.1,55.2,,
5/3/2019,5689.05,165.918,1279.11,54.78,,
5/2/2019,5405.46,158.988,1270.69,54.95,,
5/1/2019,5307.8,157.577,1276.76,56.11,,
4/30/2019,5237.87,156.46,1283.53,56.01,,
4/29/2019,5129.68,151.95,1279.9,55.8,,
4/26/2019,5097.52,151.158,1286.16,55.76,,
4/25/2019,5495.18,164.975,1277.17,56.5,,
4/24/2019,5435.81,164.39,1275.76,56.78,,
4/23/2019,5580.07,172.563,1272.42,56.77,,
4/22/2019,5365.88,171.768,1274.99,56.59,,
4/19/2019,5269.97,172.615,1275.52,#N/A,,
4/18/2019,5308.57,175.755,1275.82,56.3,,
4/17/2019,5221.26,166.577,1273.98,56.5,,
4/16/2019,5185.02,165.64,1276.79,56.77,,
4/15/2019,5021.53,160.13,1287.95,56.73,,
4/12/2019,5042.54,163.765,1290.43,56.39,,
4/11/2019,5054.03,164.732,1292.52,56.01,,
4/10/2019,5302.92,176.2,1307.99,56.13,,
4/9/2019,5220.08,177.773,1304.1,55.87,,
4/8/2019,5252.89,181.387,1297.48,55.63,,
4/5/2019,4999.01,163.762,1291.76,55.59,,
4/4/2019,4847.04,155.867,1292.21,55.45,,
4/3/2019,5296,178.34,1289.93,55.57,,
4/2/2019,4802.47,159.723,1292.46,55.37,,
4/1/2019,4126.69,140.643,1287.72,55.55,,
3/29/2019,4072.16,140.48,1292.38,55.26,,
3/28/2019,4010.76,137.14,1290.42,55.2,,
3/27/2019,4008.98,137.652,1309.55,55.03,,
3/26/2019,3912.6,133.152,1315.71,55.26,,
3/25/2019,3887.56,131.86,1321.9,55.32,,
3/22/2019,3977.74,135.818,1313.68,55.26,,
3/21/2019,3973.24,135.115,1309.36,55.76,,
3/20/2019,4009.47,137.715,1312.53,56.13,,
3/19/2019,3991.47,137.607,1306.56,56.05,,
3/18/2019,3971.19,137.272,1303.71,56.01,,
3/15/2019,3897.41,135.872,1302.4,55.91,,
3/14/2019,3851.57,131.28,1296.17,55.74,,
3/13/2019,3852.31,131.225,1309.12,55.9,,
3/12/2019,3865.41,132.833,1301.58,55.41,,
3/11/2019,3847.91,131.995,1293.35,55.38,,
3/8/2019,3868.84,135.465,1298.3,55.14,,
3/7/2019,3871.42,137.42,1285.61,55.52,,
3/6/2019,3845.71,136.46,1286.36,55.34,,
3/5/2019,3833.96,135.135,1288.01,55.41,,
3/4/2019,3699.76,125.4,1286.74,55.4,,
3/1/2019,3828.22,136.103,1293.44,54.42,,
2/28/2019,3802.53,135.07,1313.32,55.33,,
2/27/2019,3749.38,130.895,1319.86,55.42,,
2/26/2019,3790.19,134.853,1328.96,54.91,,
2/25/2019,3805.67,135.74,1327.58,54.67,,
2/22/2019,3941.75,146.943,1329.4,55.71,,
2/21/2019,3897.72,143.482,1323.63,55.87,,
2/20/2019,3912.98,144.975,1338.44,55.89,,
2/19/2019,3887.89,143.04,1340.94,55.74,,
2/18/2019,3852.25,141.255,1326.89,#N/A,,
2/15/2019,3564.79,120.428,1322.49,55.25,,
2/14/2019,3570.02,120.445,1312.57,54.55,,
2/13/2019,3571.42,120.482,1306.27,54.42,,
2/12/2019,3576.31,119.72,1310.8,53.77,,
2/11/2019,3591.58,119.53,1308.12,53.43,,
2/8/2019,3594.91,117.375,1314.29,53.36,,
2/7/2019,3358.91,103.185,1310.11,53.33,,
2/6/2019,3366.31,103.182,1306.6,54.16,,
2/5/2019,3422.6,106.04,1315.32,54.14,,
2/4/2019,3417.03,106.557,1312.25,54.35,,
2/1/2019,3448.51,106.315,1317.98,54.42,,
1/31/2019,3417.03,105.753,1321.25,53.1,,
1/30/2019,3432.64,107.3,1319.91,53.81,,
1/29/2019,3401.14,104.575,1311.79,54.05,,
1/28/2019,3417.04,103.518,1303.36,53.34,,
1/25/2019,3558.51,115.048,1305.25,54.04,,
1/24/2019,3570.93,116.46,1281.21,53.84,,
1/23/2019,3544.51,116.333,1282.72,53.86,,
1/22/2019,3574.52,117.565,1285.22,53.98,,
1/21/2019,3521.03,115.11,1280.47,#N/A,,
1/18/2019,3612.39,119.5,1282.11,53.73,,
1/17/2019,3624.81,121.62,1292.05,53.89,,
1/16/2019,3603.48,122.385,1293.67,54.4,,
1/15/2019,3568.48,117.9,1289.51,53.95,,
1/14/2019,3663.59,128.015,1291.72,53.17,,
1/11/2019,3649.21,125.367,1290.25,53.89,,
1/10/2019,3630.86,126.997,1286.65,55.07,,
1/9/2019,4003.99,149.552,1293.56,55.3,,
1/8/2019,4000.42,148.925,1285.39,53.85,,
1/7/2019,4005.34,150.482,1289.21,52.79,,
1/4/2019,3833.53,154.14,1286.05,52.75,,
1/3/2019,3794.92,147.973,1294.28,52.29,,
1/2/2019,3884.98,154.55,1284.59,51.85,,
1/1/2019,3720.6,137.74,1282.6,#N/A,,
12/31/2018,3674.18,130.04,1282.49,50.94,,
12/28/2018,3892.14,134.598,1280.71,49.86,,
12/27/2018,3585.43,115.475,1275.71,50.04,,
12/26/2018,3775.47,128.397,1267.14,51.57,,
12/25/2018,3789.31,130.06,1268.54,#N/A,,
12/24/2018,4063.94,142.23,1269.22,48.81,,
12/21/2018,3848.6,108.022,1256.94,50.32,,
12/20/2018,3993.58,114.195,1259.86,50.39,,
12/19/2018,3668.85,98.902,1243.08,51.36,,
12/18/2018,3535.18,93.853,1249.42,50.28,,
12/17/2018,3493.65,93.915,1245.85,52.39,,
12/14/2018,3156.89,81.79,1239.02,52.32,,
12/13/2018,3254.81,84.34,1241.99,53.03,,
12/12/2018,3440.17,89.897,1245.66,52.23,,
12/11/2018,3373.78,87.91,1243.25,51.99,,
12/10/2018,3400.92,89.057,1244.46,51.79,,
12/7/2018,3388.91,92.997,1249.31,53.14,,
12/6/2018,3596.41,95.07,1237.78,53.17,,
12/5/2018,3723.53,101.688,1237.29,53.92,,
12/4/2018,3898.03,108.867,1238.54,54.13,,
12/3/2018,3870.96,108.44,1230.67,53.68,,
11/30/2018,3930.38,111.488,1220.52,52.09,,
11/29/2018,4183.58,114.907,1224.21,53.55,,
11/28/2018,4221.02,120.6,1221.23,52.95,,
11/27/2018,3767.36,108.45,1215.05,52.97,,
11/26/2018,3663.84,104.382,1222.4,52.34,,
11/23/2018,4260.57,120.065,1223.05,51.79,,
11/22/2018,4427.83,128.755,1228.64,#N/A,,
11/21/2018,4450.42,132.212,1226.04,54.27,,
11/20/2018,4337.68,131.29,1221.66,53.19,,
11/19/2018,4785.54,147.268,1224.17,56.92,,
11/16/2018,5451.72,170.918,1223.36,56.96,,
11/15/2018,5469.65,175.235,1213.36,57.29,,
11/14/2018,5551.06,176.115,1210.88,58.53,,
11/13/2018,6280.73,203.598,1202.23,58.09,,
11/12/2018,6309.96,207.913,1200.37,60.41,,
11/9/2018,6326.2,207.753,1209.65,60.61,,
11/8/2018,6419.5,212.53,1224,61.26,,
11/7/2018,6501.65,217.057,1226.49,61.88,,
11/6/2018,6420.95,215.938,1227.19,59.5,,
11/5/2018,6400.96,206.825,1231.49,59.07,,
11/2/2018,6351.1,200.048,1232.89,58.65,,
11/1/2018,6335.36,197.242,1233.43,58.6,,
10/31/2018,6302.4,196.44,1214.76,60.14,,
10/30/2018,6265.27,194.667,1222.93,60.54,,
10/29/2018,6243.46,193.265,1229.42,61.61,,
10/26/2018,6401.99,200.67,1233.53,61.32,,
10/25/2018,6400.44,199.932,1232.17,60.56,,
10/24/2018,6425.61,204.49,1233.79,60.37,,
10/23/2018,6390.78,205.598,1230.3,60.33,,
10/22/2018,6413.51,206.385,1222.1,61.78,,
10/19/2018,6384.37,204.458,1226.49,60.72,,
10/18/2018,6392.22,202.128,1225.81,60.07,,
10/17/2018,6437.85,206.163,1222.29,60.38,,
10/16/2018,6460.38,207.173,1224.95,61.11,,
10/15/2018,6390.7,204.717,1227.06,60.85,,
10/12/2018,6214.23,196.615,1217.05,61.3,,
10/11/2018,6204.33,199.27,1224.09,61.61,,
10/10/2018,6534.38,225.012,1194.79,63.15,,
10/9/2018,6579.83,226.667,1189.77,64.64,,
10/8/2018,6623.01,229.395,1188.08,64.05,,
10/5/2018,6539.04,222.192,1203.63,64,,
10/4/2018,6546.01,222.095,1199.92,63.62,,
10/3/2018,6438.41,217.113,1197.35,64.69,,
10/2/2018,6524.3,225.652,1203.32,63.4,,
10/1/2018,6550.06,229.242,1188.99,63.31,,
9/28/2018,6643.42,220.527,1190.88,62.03,,
9/27/2018,6694.08,228.177,1182.83,61.43,,
9/26/2018,6497.71,219.307,1194.44,60.98,,
9/25/2018,6386.6,213.982,1201.22,61.21,,
9/24/2018,6626.29,234.455,1199.03,60.76,,
9/21/2018,6708.69,242.49,1200.04,59.96,,
9/20/2018,6377.21,208.647,1207.18,60.01,,
9/19/2018,6423.81,210.898,1204.04,60.22,,
9/18/2018,6317.7,207.78,1198.36,60.07,,
9/17/2018,6216.01,194.845,1201.46,59.88,,
9/14/2018,6535.01,218.563,1194.85,59.64,,
9/13/2018,6467.46,205.69,1201.47,59.22,,
9/12/2018,6305.47,181.978,1206.24,60.01,,
9/11/2018,6253.25,181.848,1198.59,59.18,,
9/10/2018,6301.63,196.53,1195.88,58.42,,
9/7/2018,6446.92,218.425,1196.93,58.27,,
9/6/2018,6440.22,224.697,1199.98,58.16,,
9/5/2018,6949.01,245.553,1196.73,58.61,,
9/4/2018,7361.57,285.297,1191.52,59.07,,
9/3/2018,7298.59,290.557,1201.27,#N/A,,
8/31/2018,7044.6,283.24,1201.15,58.84,,
8/30/2018,6916.68,284.633,1199.98,59.2,,
8/29/2018,7042.05,289.897,1206.6,59.1,,
8/28/2018,7083.46,294.04,1201,58.84,,
8/27/2018,6719.04,276.765,1211.38,58.85,,
8/24/2018,6611.44,279.985,1205.35,58.74,,
8/23/2018,6418.67,273.4,1185.56,58.3,,
8/22/2018,6331.13,267.79,1195.8,58.19,,
8/21/2018,6451.86,277.277,1195.99,57.06,,
8/20/2018,6455.22,286.165,1190.48,57.1,,
8/17/2018,6480.85,300.505,1184.25,57.08,,
8/16/2018,6255.1,283.38,1174.16,56.82,,
8/15/2018,6374.87,287.72,1174.85,56.44,,
8/14/2018,6074.26,259.077,1194.09,57.11,,
8/13/2018,6277.69,288.542,1193.5,56.77,,
8/10/2018,6191.24,342.945,1210.57,57.18,,
8/9/2018,6507.67,363.47,1212.47,57.27,,
8/8/2018,6316.9,357.88,1213.88,57,,
8/7/2018,6877.76,384.662,1210.97,58.27,,
8/6/2018,6919.84,403.382,1207.64,57.71,,
8/3/2018,7388.58,415.495,1214.9,57.31,,
8/2/2018,7546.53,409.71,1207.83,57.21,,
8/1/2018,7482.23,409.563,1215.96,56.85,,
7/31/2018,7689.43,432.17,1224.15,57.64,,
7/30/2018,8146.15,453.547,1221.45,58.09,,
7/27/2018,8225.12,466.685,1224.22,58.04,,
7/26/2018,8138.47,471.937,1222.69,58.56,,
7/25/2018,8176.35,475.077,1231.63,58.33,,
7/24/2018,8227.05,472.025,1224.52,57.93,,
7/23/2018,7702.88,447.847,1224.5,57.37,,
7/20/2018,7351.07,444.25,1229.53,56.38,,
7/19/2018,7418.82,467.042,1222.97,56.17,,
7/18/2018,7336.6,473.515,1227.51,56.1,,
7/17/2018,7314,499.872,1227.54,55.41,,
7/16/2018,6661.85,475.87,1240.93,55.05,,
7/13/2018,6185.23,430.572,1244.32,56.86,,
7/12/2018,6172.95,427.69,1247.39,57.06,,
7/11/2018,6354.19,437.685,1241.96,56.22,,
7/10/2018,6387.83,440.677,1255.54,57.64,,
7/9/2018,6695.86,475.14,1257.68,57.63,,
7/6/2018,6570.76,468.425,1255.48,57.43,,
7/5/2018,6507.68,463.22,1257.91,56.96,,
7/4/2018,6686.22,474.475,1254.99,#N/A,,
7/3/2018,6613.86,469.985,1252.73,56.51,,
7/2/2018,6620.01,474.86,1242.04,56.65,,
6/29/2018,5899.63,413.17,1252.6,56.93,,
6/28/2018,6044.92,433.48,1248.25,57.44,,
6/27/2018,6124.96,434.54,1252.35,57.97,,
6/26/2018,6181.63,440.91,1259.04,57.88,,
6/25/2018,6250.81,458.68,1265.64,56.8,,
6/22/2018,6070.19,462.915,1270.56,56.69,,
6/21/2018,6719.46,525.91,1267.19,55.54,,
6/20/2018,6748.89,532.66,1267.86,55.79,,
6/19/2018,6695.44,531.38,1274.66,55.86,,
6/18/2018,6727.55,518.965,1278.32,56.19,,
6/15/2018,6497.97,494.42,1278.94,55.46,,
6/14/2018,6658.78,519.22,1302.25,56.97,,
6/13/2018,6260.96,470.135,1299.31,57.81,,
6/12/2018,6531.39,490.705,1295.97,56.75,,
6/11/2018,6760.89,515.67,1300.49,56.86,,
6/8/2018,7646.28,598.725,1298.17,56.58,,
6/7/2018,7660.06,602.215,1297.18,56.34,,
6/6/2018,7619.32,604.405,1296.4,55.91,,
6/5/2018,7629.53,608.015,1296.4,56.15,,
6/4/2018,7525.77,596.885,1292.02,55.98,,
6/1/2018,7437.74,565.715,1293.4,56.36,,
5/31/2018,7538.28,580.225,1298.51,55.58,,
5/30/2018,7337.26,548.56,1301.38,55.61,,
5/29/2018,7501.54,568.82,1298.77,55.26,,
5/28/2018,7214.8,524.185,1299.04,#N/A,,
5/25/2018,7448.08,583.19,1302.25,55.37,,
5/24/2018,7552.45,590.745,1304.63,56.69,,
5/23/2018,7590,586.5,1293.41,57.03,,
5/22/2018,8108.52,654.325,1291.14,57.44,,
5/21/2018,8406.89,697.815,1292.6,57.61,,
5/18/2018,8229.58,687.29,1293.04,56.85,,
5/17/2018,8204.05,686.725,1290.79,56.42,,
5/16/2018,8291.22,694.83,1290.73,55.88,,
5/15/2018,8518.75,712.225,1290.53,55.87,,
5/14/2018,8811.66,736.46,1313.5,55.27,,
5/11/2018,8432.01,673.65,1319.3,54.94,,
5/10/2018,9092.67,737.19,1321.6,54.73,,
5/9/2018,9248.19,743.985,1312.72,54.37,,
5/8/2018,9160.97,739.5,1314.63,53.27,,
5/7/2018,9437.62,760.215,1314.21,53.73,,
5/4/2018,9683.54,785.055,1314.5,53.26,,
5/3/2018,9652.04,754.415,1312.06,52.46,,
5/2/2018,9175.76,681.52,1304.96,52.03,,
5/1/2018,9015.73,663.98,1303.85,52.03,,
4/30/2018,9272.7,671.695,1315.39,52.26,,
4/27/2018,8977.07,648.905,1324,52.09,,
4/26/2018,9118.96,647.95,1316.8,52.41,,
4/25/2018,9073.19,636.36,1323.13,52.48,,
4/24/2018,9449.88,706.067,1330.35,52.41,,
4/23/2018,8932.25,639.468,1324.83,52.81,,
4/20/2018,8524.52,592.852,1336.36,52.53,,
4/19/2018,8233.85,554.16,1345.53,52.54,,
4/18/2018,8187.53,522.612,1349.41,52.16,,
4/17/2018,7914.7,503.36,1347.52,51.96,,
4/16/2018,7986.05,502.322,1345.93,51.88,,
4/13/2018,7903.91,493.88,1346.2,51.91,,
4/12/2018,7730.47,467.227,1334.94,51.94,,
4/11/2018,6891.03,420.37,1353.38,52.24,,
4/10/2018,6839.62,411.142,1339.64,51.87,,
4/9/2018,6662.14,390.105,1336.35,51.53,,
4/6/2018,6604.48,369.04,1333.03,51.32,,
4/5/2018,6749.55,377.495,1326.57,52.11,,
4/4/2018,6830.75,381.382,1333.19,51.88,,
4/3/2018,7401.4,414.232,1332.74,51.85,,
4/2/2018,6937.38,377.895,1341.29,51.37,,
3/30/2018,6852.51,385.035,1325.48,#N/A,,
3/29/2018,7098.13,385.78,1325.5,52.32,,
3/28/2018,7906.96,446.267,1325.01,52.54,,
3/27/2018,7990.87,458.812,1345.05,52.62,,
3/26/2018,7888.84,474.265,1353.5,52.51,,
3/23/2018,8616.25,524.352,1347.33,52.61,,
3/22/2018,8598.85,527.775,1329.03,52.16,,
3/21/2018,8895.59,559.755,1332.24,52.32,,
3/20/2018,8920.33,558.722,1311.31,51.6,,
3/19/2018,8427.2,541.355,1316.85,51.44,,
3/16/2018,8524.17,613.787,1314.24,51.84,,
3/15/2018,8251.71,604.575,1316.1,51.8,,
3/14/2018,8304.32,614.965,1324.85,52.01,,
3/13/2018,9062.92,680.352,1326.51,51.78,,
3/12/2018,9017.65,691.693,1323.1,51.87,,
3/9/2018,9004.84,698.115,1323.93,51.97,,
3/8/2018,9330.23,701.122,1321.99,50.98,,
3/7/2018,9939.53,749.58,1325.57,50.99,,
3/6/2018,10790.35,816.68,1334.56,51.62,,
3/5/2018,11555.99,854.702,1320.11,51.48,,
3/2/2018,11029.95,856.847,1322.75,50.8,,
3/1/2018,10933.75,871.145,1317.03,50.73,,
2/28/2018,10538.02,865.212,1318.31,51.04,,
2/27/2018,10755.9,880.763,1318.36,52.58,,
2/26/2018,10380.3,866.372,1333.68,52.94,,
2/23/2018,9920.01,831.157,1328.71,52.32,,
2/22/2018,9915.69,807.342,1332.05,51.53,,
2/21/2018,10286.84,824.37,1324.63,51.4,,
2/20/2018,11705.72,914.717,1329.19,51.32,,
2/19/2018,11081.41,935.932,1346.46,#N/A,,
2/16/2018,10088.2,936.642,1346.96,50.77,,
2/15/2018,9873.45,917.992,1353.67,50.48,,
2/14/2018,9287.96,904.71,1350.73,50.56,,
2/13/2018,8557.91,839.232,1329.55,50.55,,
2/12/2018,8831.25,868.977,1322.7,49.9,,
2/9/2018,8552.65,862.247,1316.65,49.73,,
2/8/2018,8171.19,802.735,1318.76,50.3,,
